referencia,autor,anio,edicion,capitulo,metodo,problema,supuestos,criterio_decision,modulo,codigo,estado,procedencia
—,"Quesnay (antecedente, mención)",1758,—,—,flujo circular de la renta (filtraciones=inyecciones),circulación del ingreso entre agentes,"proporciones fijas c,t,m; I,G,X exógenas",Y*=(I+G+X)/[(1-c)(1-t)+t+m]; verifica S+T+M=I+G+X exacto,simuladores/macro/modelos,nivel_01/m01_flujo_circular.py,implementado+validado (4 verificaciones numéricas),conocimiento macro general (esquema de manuales; NO verificado contra edición)
—,Kuznets; Stone (mención),1934,—,—,identidad del gasto Y=C+I+G+X-M,medir el producto agregado,identidad ex post; componentes exógenos,ΔY=ΔG uno a uno (identidad≠comportamiento); participaciones suman 100%,simuladores/macro/modelos,nivel_01/m02_demanda_agregada.py,implementado+validado (3 verificaciones); calibración didáctica estilo Perú (decisión de diseño),conocimiento general (SCN); NO verificado contra edición
Teoría General (mención),Keynes,1936,—,—,función de consumo keynesiana C=C0+cYd,comportamiento del consumo agregado,0<c<1; C0>0; depende del ingreso corriente,pendiente=PMC; nivelación Yd=C0/(1-c); PMeC decreciente,simuladores/macro/modelos,nivel_01/m03_funcion_consumo.py,implementado+validado (5 verificaciones numéricas),conocimiento macro general (NO verificado contra edición; crítica de Kuznets documentada en ficha)
—,Kahn; Keynes (mención),1931,—,—,multiplicador keynesiano k=1/(1-c(1-t)),efecto total de un impulso de gasto,capacidad ociosa; precios fijos; c constante; sin r,suma de rondas=fórmula cerrada (1e-9); k con impuestos<k sin; convergencia a k·ΔG,simuladores/macro/modelos,nivel_01/m04_multiplicador.py,implementado+validado (4 verificaciones numéricas),conocimiento macro general (NO verificado contra edición)
—,Keynes (mención; Mandeville 1714 antecedente),1936,—,—,paradoja del ahorro (cruz keynesiana),¿aumenta el ahorro agregado si todos quieren ahorrar más?,I exógena FIJA (supuesto crucial); precios fijos; economía cerrada,ΔS*=0 exacto; S*=I+(G-T); ΔY=-k·ΔC0,simuladores/macro/modelos,nivel_01/m05_paradoja_ahorro.py,implementado+validado (3 verificaciones numéricas),conocimiento macro general (NO verificado contra edición)
Mr. Keynes and the Classics (mención),Hicks; Hansen (difusión),1937,—,—,modelo IS-LM (equilibrio bienes+dinero),determinación simultánea de Y y r; eficacia fiscal vs monetaria,precios fijos; economía cerrada; M exógena; sin expectativas,"(Y*,r*) satisface ambos mercados (residuos<1e-9); ↑G→↑Y,↑r,↓I; ↑M/P→↑Y,↓r; k_ISLM<k_simple",simuladores/macro/modelos,nivel_02/m10_islm.py,implementado+validado (4 verificaciones numéricas),conocimiento macro general (NO verificado contra edición)
—,"síntesis keynesiana (Hicks-Hansen, mención)",1937,—,—,mercado de bienes con I=I0-b·r,equilibrio de bienes dado r; canal del crédito,r exógena; I lineal en r; precios fijos,DA(Y*)=Y* exacto; dY/dG=k pleno; dY/dr=-b/(1-c1),simuladores/macro/modelos,nivel_02/m06_mercado_bienes.py,implementado+validado (4 verificaciones),conocimiento macro general (NO verificado contra edición)
—,Hicks (mención),1937,—,—,curva IS (lugar geométrico de bienes),"familia de equilibrios (Y,r); shocks fiscales",los de m06; parámetros fijos sobre la curva,desplazamientos k·dG y -c1·k·dT exactos; pendiente -(1-c1)/b; cada punto equilibra bienes,simuladores/macro/modelos,nivel_02/m07_curva_is.py,implementado+validado (4 verificaciones),conocimiento macro general (NO verificado contra edición)
—,"Keynes (preferencia por liquidez, mención)",1936,—,—,mercado monetario L=kY-hr,determinación de r dado Y; costo de oportunidad del dinero,dos activos; Y exógeno; M exógena; P fijo,L(r*)=M/P exacto; dr/dMP=-1/h; dr/dY=k/h,simuladores/macro/modelos,nivel_02/m08_mercado_dinero.py,implementado+validado (3 verificaciones),conocimiento macro general (NO verificado contra edición)
—,Hicks (mención),1937,—,—,curva LM (lugar geométrico del dinero),"familia de equilibrios monetarios (Y,r)",los de m08; M/P fija sobre la curva,pendiente k/h exacta; desplazamiento dMP/k; cada punto equilibra dinero,simuladores/macro/modelos,nivel_02/m09_curva_lm.py,implementado+validado (3 verificaciones),conocimiento macro general (NO verificado contra edición)
—,debate keynesianos-monetaristas (mención),1965,—,—,efecto expulsión (crowding out),¿el gasto público desplaza inversión privada?,IS-LM; déficit sin acomodo; sin expectativas,identidad ΔY=k(ΔG+ΔI); límites h→∞ (nula) y h→0 (total); acomodo dMP→Δr=0,simuladores/macro/modelos,nivel_02/m11_efecto_expulsion.py,implementado+validado (4 verificaciones; los límites teóricos son tests),conocimiento macro general (NO verificado contra edición)
—,Keynes; Hicks; Krugman 1998 (menciones),1937,—,—,trampa de liquidez (LM con piso r=0),impotencia monetaria con demanda débil,"r≥0; demanda débil (estado, no parámetro)",en trampa: +M no mueve Y (exacto) y multiplicador fiscal PLENO; salida fiscal verificada,simuladores/macro/modelos,nivel_02/m12_trampa_liquidez.py,implementado+validado (4 verificaciones; régimen endógeno),conocimiento macro general (NO verificado contra edición)
—,Phillips 1958; Samuelson-Solow 1960 (menciones),1958,—,—,curva de Phillips original,trade-off inflación-desempleo como menú,πe FIJA (supuesto que colapsó); relación estable,π(un)=πe; pendiente -α; trade-off verificado,simuladores/macro/modelos,nivel_03/m13_curva_phillips.py,implementado+validado (3 verificaciones),conocimiento macro general (NO verificado contra fuentes)
—,Friedman 1968; Phelps 1967 (menciones),1968,—,—,Phillips aumentada (expectativas adaptativas),por qué el menú era transitorio; tasa natural,πe=π(t-1); un no manipulable por demanda,Δπ=α(un-u) constante (aceleracionista); u=un→π constante (LP vertical); desinflación simétrica,simuladores/macro/modelos,nivel_03/m14_phillips_expectativas.py,implementado+validado (3 verificaciones; primer modelo dinámico),conocimiento macro general (NO verificado contra fuentes)
—,Okun 1962 (mención),1962,—,—,ley de Okun Δu=-β(g-g*),traducir crecimiento en desempleo,regla empírica lineal; β inestable por país,Δu(g*)=0; pendiente -β; proyección lineal exacta,simuladores/macro/modelos,nivel_03/m15_ley_okun.py,implementado+validado (3 verificaciones); β=0.4 didáctico NO peruano (informalidad advertida en ficha),regla empírica (mención) + decisión de diseño en calibración
—,"práctica de bancos centrales (Okun, HP: menciones)",1962,—,—,brecha del producto con cierre geométrico,medir recesiones; costo acumulado del ciclo,Y* observable y exógeno; cierre (1-λ) didáctico,decaimiento geométrico exacto; identidad Y=Y*(1+gap); semivida teórica=simulada,simuladores/macro/modelos,nivel_03/m16_brecha_producto.py,implementado+validado (3 verificaciones),conocimiento general + decisión de diseño (dinámica de cierre)
—,Slutsky 1927; Frisch 1933 (menciones),1933,—,—,ciclo como AR(1) impulso-propagación,fluctuaciones sin causa cíclica,shocks ruido blanco; propagación lineal ρ,reproducibilidad por semilla (exacta); sd=σ/√(1-ρ²) y autocorr=ρ con T=20000; estacionariedad,simuladores/macro/modelos,nivel_03/m17_ciclo_economico.py,implementado+validado (3 verificaciones; primer modelo estocástico),conocimiento general (momentos AR(1): resultado estándar de series de tiempo)
—,"AD-AS de manual (síntesis, mención)",1970,—,—,shock de demanda en AD-SRAS lineal,reparto de un shock de gasto entre P e Y,AD postulada (m20 la deriva); Pe fijo; SRAS lineal,"equilibrio satisface ambas curvas; firma: ΔY,ΔP mismo signo; λ=0→ΔY=dA exacto",simuladores/macro/modelos,nivel_03/m18_shock_demanda.py,implementado+validado (4 verificaciones),conocimiento macro general; calibración: decisión de diseño
—,AD-AS de manual; episodios OPEP 73/79 (menciones),1973,—,—,shock de oferta y estanflación,inflación con recesión; dilema acomodar/resistir,shock ds a costos; Pe fijo; Y* intacto,firma: ΔY<0 con ΔP>0; acomodo dA=b·ds→Y=Y* exacto con ΔP=ds; resistir: menos P menos Y,simuladores/macro/modelos,nivel_03/m19_shock_oferta.py,implementado+validado (4 verificaciones),conocimiento macro general; calibración: decisión de diseño
—,síntesis neoclásica sobre Hicks (mención),1937,—,—,curva AD derivada del IS-LM,por qué la demanda agregada cae con P (efecto Keynes),M nominal exógena; canal saldos reales; sin Pigou,"cada punto de la AD ≡ equilibrio IS-LM (P=2 ≡ m10, exacto); desplazamientos dG/Ac y (b/h)dM/(P·Ac) exactos",simuladores/macro/modelos,nivel_04/m20_demanda_agregada_ad.py,implementado+validado (4 verificaciones),conocimiento macro general (NO verificado contra edición)
—,Friedman; Lucas; Fischer; Taylor (menciones),1968,—,—,SRAS P=Pe+λ(Y−Y*),por qué la oferta no es vertical a corto plazo,Pe dado (contratos); λ constante; Y* exógeno,P(Y*)=Pe exacto; dPe desplaza exactamente dPe; pendiente λ,simuladores/macro/modelos,nivel_04/m21_oferta_corto_plazo.py,implementado+validado (3 verificaciones),"forma reducida de manual; microfundamentos como mención (material de Lucas en biblioteca, no verificado)"
—,"dicotomía clásica (Hume, mención); Cobb-Douglas 1928 (mención)",1928,—,—,LRAS con Y*=A·K^α·L^(1−α) y neutralidad,qué fija el producto potencial; neutralidad del dinero,flexibilidad total; pleno empleo; CRS,neutralidad EXACTA (P'/P = M'/M con Y* fijo); M/P de LP constante; elasticidad de Y* a K = α (numérica),simuladores/macro/modelos,nivel_04/m22_oferta_largo_plazo.py,implementado+validado (4 verificaciones),conocimiento general; calibración: decisión de diseño
—,"síntesis neoclásica (manuales, mención)",1955,—,—,AD-AS completo (AD∩SRAS cuadrática + LRAS),"equilibrio macro con P endógeno; (Y,P,r) simultáneos",los de m20-m22; Pe fijo en el período,"base = largo plazo exacto (Y*,Pe); residuos <1e-9; fiscal Y↑P↑r↑; dinero NO neutral a CP; ds→estanflación",simuladores/macro/modelos,nivel_04/m23_adas_completo.py + _adas.py,implementado+validado (5 verificaciones),conocimiento macro general; solver cuadrático: matemática elemental
—,episodio OPEP/Burns/Volcker (menciones),1973,—,—,"estanflación en aparato completo con tablero (π, Δu, r)",revivir los 70; comparar acomodar/resistir,AD-AS completo; Okun β=0.4 didáctico,"π>0 y Δu>0 simultáneos; acomodar: Y↑ P↑; resistir: P↓ Y↓; sin ds → reposo en (Y*,Pe)",simuladores/macro/modelos,nivel_04/m24_estanflacion.py,implementado+validado (4 verificaciones),conocimiento macro general; episodios: mención histórica
—,síntesis (ajuste vía expectativas adaptativas),1968,—,—,ajuste dinámico al largo plazo (Pe_t+1 = P_t),trayectoria corto→largo plazo; neutralidad dinámica,shock permanente de demanda; expectativas adaptativas; sin histéresis,Y_∞ = Y* exacto (ΔY_LP=0); P converge al P_LR cerrado (1e-6); convergencia monótona; t=0 sí mueve Y,simuladores/macro/modelos,nivel_04/m25_ajuste_largo_plazo.py,implementado+validado (4 verificaciones; dinámico),conocimiento macro general (mecánica de m14 aplicada a precios)
—,Solow 1956; Swan 1956 (menciones),1956,—,—,modelo de Solow (Δk = sAk^α − (n+δ)k),¿la acumulación sostiene el crecimiento?,rendimientos decrecientes (α<1); s exógena; sin progreso técnico,Δk=0 exacto en k*; estabilidad GLOBAL; ahorro→nivel no crecimiento; invierte la paradoja m05,simuladores/macro/modelos,nivel_05/m26_solow.py + _solow.py,implementado+validado (4 verificaciones),conocimiento general (NO verificado contra edición)
—,dinámica de transición de Solow; Barro/Sala-i-Martin (menciones),1956,—,—,transición y velocidad λ=(1−α)(n+δ),¿cuántos años dura el largo plazo?,linealización local en k*; parámetros constantes,semivida simulada = ln2/λ (±15%); monótona sin sobreimpulso; α amplio → λ lenta,simuladores/macro/modelos,nivel_05/m27_estado_estacionario.py,implementado+validado (4 verificaciones),conocimiento general; λ: resultado estándar
—,Phelps 1961 (mención),1961,—,—,regla de oro s_oro=α; f'(k_oro)=n+δ,¿cuánto ahorro es demasiado?,criterio: consumo de EE; Cobb-Douglas; sin descuento,argmax numérico c*(s)=α; condición marginal exacta; sobreahorro dominado en TODA la senda; subahorro cuesta presente,simuladores/macro/modelos,nivel_05/m28_regla_oro.py,implementado+validado (4 verificaciones),conocimiento general (NO verificado contra edición)
—,Solow 1956/1957; Uzawa 1961 (menciones),1957,—,—,Solow con progreso técnico (BGP),¿de dónde sale el crecimiento sostenido?,g exógeno labor-augmenting; k̃ por trabajador efectivo,y crece EXACTAMENTE a g en BGP (1e-6); k̃ constante; s mueve nivel no pendiente; solo g mueve crecimiento,simuladores/macro/modelos,nivel_05/m29_solow_tecnologia.py,implementado+validado (4 verificaciones),conocimiento general; residuo de Solow: mención
—,Solow aplicado; Baumol 1986; Barro (menciones),1986,—,—,convergencia β absoluta/condicional,¿los pobres alcanzan a los ricos?,economías cerradas; misma tecnología disponible,β-convergencia (pobre crece más); gemelos → brecha 0 exacta; estructuras distintas → brecha permanente; reloj = m27,simuladores/macro/modelos,nivel_05/m30_convergencia.py,implementado+validado (4 verificaciones),conocimiento general (NO verificado contra fuentes)
—,Rosenstein-Rodan 1943; MSV 1989; Azariadis-Drazen 1990 (menciones),1989,—,—,trampa de pobreza (A(k) con umbral),¿por qué algunos países no despegan?,no-convexidad: A salta en k̄; forma escalonada didáctica,dos EE estables exactos; ayuda tímida se diluye; big push escapa; histéresis (destino según k0),simuladores/macro/modelos,nivel_05/m31_trampa_pobreza.py,implementado+validado (4 verificaciones),familia big push: menciones; A(k) escalonada: decisión de diseño
—,Rebelo 1991; Romer 1986 (menciones),1991,—,—,crecimiento endógeno AK (γ=sA−(n+δ)),¿puede la acumulación sola sostener g?,"α=1 exacto (capital amplio, filo de navaja)",γ constante exacto todos los períodos; ahorro compra CRECIMIENTO; cero convergencia (ratio fijo); γ<0 decadencia,simuladores/macro/modelos,nivel_05/m32_crecimiento_ak.py,implementado+validado (4 verificaciones),conocimiento general (NO verificado contra fuentes)
—,Mankiw-Romer-Weil 1992; Lucas 1988 (menciones),1992,—,—,Solow aumentado con capital humano (y=k^α h^β),¿cuánto explican educación+máquinas?,h se acumula como k; α+β<1; g exógeno,punto fijo 2D = fórmulas (1e-6); ↑s_h casi duplica y*; λ≈2.7% (la observada); complementariedad k-h,simuladores/macro/modelos,nivel_05/m33_capital_humano.py,implementado+validado (4 verificaciones),conocimiento general (NO verificado contra fuentes)
—,Fisher 1911; Bodin/Hume; Friedman (menciones),1911,—,—,teoría cuantitativa MV=PY,¿por qué imprimir es inflación?,V estable; Y de pleno empleo; M exógena,identidad exacta; 2M⇒2P exacto; π exacta vs aproximación gM+gV−gY (<0.5pp); M/P invariante,simuladores/macro/modelos,nivel_06/m34_teoria_cuantitativa.py,implementado+validado (4 verificaciones),conocimiento general (NO verificado contra ediciones)
—,Hume 1752 (mención); síntesis m20-m25,1752,—,—,neutralidad del dinero (dinámica: comba y escalera),¿cuánto dura el poder real del dinero?,aparato AD-AS dinámico; emisión permanente,P∞/P0 = M'/M exacto con Y∞=Y*; impacto real Y0>Y*; ↓λ alarga la no-neutralidad,simuladores/macro/modelos,nivel_06/m35_neutralidad_dinero.py,implementado+validado (4 verificaciones; usa nivel_04/_adas),conocimiento general
—,Cagan 1956; Bailey (menciones),1956,—,—,señoreaje s(π)=(π/100)·a·e^{−bπ} (Laffer),¿cuánto financia la imprenta?,demanda de Cagan; EE con gM=π,pico numérico = 1/b; s(120)<s(40); extremos nulos; fuga exponencial de la base,simuladores/macro/modelos,nivel_06/m36_senoreaje.py,implementado+validado (4 verificaciones),conocimiento general; Perú 88-90: episodio (datos vía BCRP en nivel 12); calibración didáctica
—,manuales de dinero y banca; Friedman-Schwartz 1963 (mención),1963,—,—,multiplicador monetario m=(1+c)/(c+r),¿quién crea el dinero?,r y c constantes; préstamos con demanda,suma de rondas = m·B; identidad B=C+R exacta; ↑r⇒↓m; ↑c⇒↓m (corrida),simuladores/macro/modelos,nivel_06/m37_multiplicador_monetario.py,implementado+validado (4 verificaciones),"conocimiento general; crítica endógena (BoE 2014, mención) documentada"
—,Taylor 1993; Woodford; Orphanides (menciones),1993,—,—,regla de Taylor i=r*+π+φπ(π−π*)+φy·gap,¿cómo decide la tasa un banco central?,r* y brecha observables; respuesta lineal; sin ZLB,principio di/dπ=1+φπ>1; neutral exacto en la meta; recesión honda⇒ZLB (m12); real endurece con π,simuladores/macro/modelos,nivel_06/m38_regla_taylor.py,implementado+validado (4 verificaciones; ancla con plantilla profunda),"conocimiento general; calibración: la original de Taylor (0.5, 0.5)"
—,"operativa de bancos centrales con corredor (doc institucional, mención)",2000,—,—,"corredor de tasas: i=clip((a−S)/b; i_dep, i_vent)",¿cómo se implementa la tasa anunciada?,facilidades creíbles e ilimitadas; demanda lineal,interior exacto; piso y techo atan exacto; acotación universal en S,simuladores/macro/modelos,nivel_06/m39_corredor_tasas.py,implementado+validado (4 verificaciones),"conocimiento general (BCRP: referencia + ventanillas, mención); calibración didáctica"
—,régimen de metas (N. Zelanda 1990; BCRP 2002 — menciones),1990,—,—,inflación objetivo: π_{t+1}=π*+(1−θ)(π_t−π*),¿por qué anunciar un número abarata los shocks?,θ resume el régimen; shocks de una vez,decaimiento geométrico exacto; semivida=ln2/−ln(1−θ); θ↑ acelera órdenes de magnitud; θ→0: persistencia 70s,simuladores/macro/modelos,nivel_06/m40_metas_inflacion.py,implementado+validado (4 verificaciones),conocimiento general; formulación del anclaje: decisión de diseño
—,Kydland-Prescott 1977; Barro-Gordon 1983; Rogoff 1985 (menciones),1983,—,—,credibilidad: sesgo inflacionario π_disc=λαū,¿por qué atarse las manos gana a la discreción?,público racional; juego de una vez; Phillips de sorpresa,sesgo=λαū exacto (BR∩45°); sorpresa nula en equilibrio; L_regla<L_disc; conservador reduce sesgo,simuladores/macro/modelos,nivel_06/m41_credibilidad.py,implementado+validado (4 verificaciones; ancla),conocimiento general (NO verificado contra fuentes)
—,Muth 1961; Lucas 1972/1976; Sargent-Wallace 1975 (menciones),1975,—,—,expectativas racionales y oferta de Lucas,¿qué puede la política contra quien la entiende?,estructura y regla conocidas; sorpresa único canal real,inefectividad exacta (anunciada⇒y=ȳ ∀t); boom adaptativo=β·gM un período; sorpresa iguala públicos; LP solo precios,simuladores/macro/modelos,nivel_06/m42_expectativas_racionales.py,implementado+validado (4 verificaciones),conocimiento general (NO verificado contra fuentes)
—,Manual de Balanza de Pagos del FMI (mención),1993,—,—,balanza de pagos: CC+CF=ΔRIN,¿quién financia el déficit externo?,contabilidad ex post; CF agregada,identidad exacta; flotación⇒CF=−CC; descomposición CC sin residuo; fuga⇒ΔRIN<0,simuladores/macro/modelos,nivel_07/m43_balanza_pagos.py,implementado+validado (4 verificaciones),"conocimiento general; estructura didáctica evocando la peruana (rentas mineras, remesas)"
—,cuentas nacionales abiertas; Obstfeld-Rogoff (mención),1996,—,—,cuenta corriente CC=(Sp−I)+(T−G),¿el déficit externo se decide en el ahorro?,ceteris paribus para gemelos puros,identidad exacta; gemelos ΔCC=−ΔG exacto; coherencia con m43; boom de I abre la CC,simuladores/macro/modelos,nivel_07/m44_cuenta_corriente.py,implementado+validado (4 verificaciones),conocimiento general
—,mercado de flujos de manuales (conocimiento general),1976,—,—,mercado cambiario E*=(c+dBC−a)/(b+d),¿qué mueve el precio del dólar?,flujos con pendientes estables; intervención esterilizada,vaciado exacto; bonanza aprecia; compra del BC deprecia+acumula RIN; ΔE=Δshock/(b+d) exacto,simuladores/macro/modelos,nivel_07/m45_tipo_cambio_nominal.py,implementado+validado (4 verificaciones),conocimiento general; calibración didáctica en torno a 3.5 PEN/USD
—,definición estándar; Balassa-Samuelson (mención),1964,—,—,tipo de cambio real RER=E·P*/P,¿cuándo devaluar es real y cuándo es el hámster?,canastas comparables; passthrough exógeno,RER multiplicativo exacto; aproximación dE+dP*−dP acotada; hámster: dE=dP⇒RER=100.0 exacto; inflación local aprecia,simuladores/macro/modelos,nivel_07/m46_tipo_cambio_real.py,implementado+validado (4 verificaciones),conocimiento general
—,Cassel 1918; Rogoff 1996 PPP puzzle (menciones),1918,—,—,PPP relativa E'/E=(1+π)/(1+π*),¿a dónde camina E cuando pasan los años?,canastas transables; desvío geométrico con vida media,crecimiento de E_ppp exacto; RER=100 constante en la senda; semivida exacta; sin diferencial sin tendencia,simuladores/macro/modelos,nivel_07/m47_ppp.py,implementado+validado (4 verificaciones),conocimiento general
—,arbitraje estándar; Fama 1984 puzzle; Dornbusch 1976 (menciones),1976,—,—,UIP: E=Ee(1+i*+ρ)/(1+i),¿por qué el dólar de hoy cotiza el futuro?,movilidad perfecta; sin cobertura; Ee exógena,retornos igualados exacto; ↑i aprecia HOY; ↑i* (FED) deprecia HOY; ↑ρ deprecia con tasas quietas,simuladores/macro/modelos,nivel_07/m48_uip.py,implementado+validado (4 verificaciones),conocimiento general
—,Mundell 1963; Fleming 1962 (menciones; Nobel 1999),1963,—,—,Mundell-Fleming: IS-LM abierto con r=r*,¿qué política funciona según el régimen cambiario?,país pequeño; movilidad perfecta; precios fijos; fijo creíble,flexible: ΔY/ΔG=0 y dY/dM=1/k EXACTOS; fijo: mult=1/(1−c1+m1) exacto y monetaria imposible (M vuelve); base idéntica entre regímenes,simuladores/macro/modelos,nivel_07/m49_mundell_fleming.py,implementado+validado (5 verificaciones; ANCLA con plantilla profunda),conocimiento general; calibración: decisión de diseño (base común a ambos regímenes)
—,corolario de Mundell; Obstfeld-Taylor; Krugman 1979; Rey (menciones),1999,—,—,trilema: fuga=κ·mov·(i−i*); T*=RIN0/fuga,fijo+movilidad+autonomía: ¿por qué solo dos?,arbitraje a velocidad finita; defensa solo con RIN,reloj T* exacto (RIN=0 en ⌈T*⌉); flotar⇒RIN constantes; controles escalan T* ×10 exacto; i=i*⇒fuga 0,simuladores/macro/modelos,nivel_07/m50_trilema.py,implementado+validado (4 verificaciones),conocimiento general; calibración didáctica
—,Romer 2000 (mención),2000,—,—,IS-MP: keynesianismo sin curva LM,¿el IS-LM del siglo XXI con reglas de tasa?,π dada; M perfectamente endógena (m39),equilibrio exacto; multiplicador pleno con π dada; dY/dπ=−k·b·φπ exacto; la M no existe como parámetro,simuladores/macro/modelos,nivel_08/m51_is_mp.py,implementado+validado (4 verificaciones),conocimiento general; calibración didáctica
—,"AD-AS dinámico de manual moderno (Mankiw, mención)",2010,—,—,AD por regla + Phillips adaptativa (dinámico),¿cómo digiere shocks una economía CON regla?,adaptativas; regla solo a π; shocks de una vez,"reposo exacto en (Y*,π*); convergencia global; regla dura acorta el desvío; estanflación dinámica",simuladores/macro/modelos,nivel_08/m52_adas_expectativas.py,implementado+validado (4 verificaciones),conocimiento general; calibración didáctica
—,"Calvo 1983 (EN BIBLIOTECA, sin verificar); Dixit-Stiglitz; Mankiw menú (menciones)",1983,—,—,rigidez de Calvo: y_t=θ^{t+1}dM,racionales + rigidez ⇒ ¿el dinero trabaja?,lotería de Calvo; competencia monopolística,θ=0 recupera m42; reparto p+y=dM exacto ∀t; duración=1/(1−θ) (suma geométrica); neutralidad final,simuladores/macro/modelos,nivel_08/m53_nk_basico.py,implementado+validado (4 verificaciones),Calvo en biblioteca (pendiente verificación contra PDF); forma reducida: decisión de diseño
—,"Euler/Ramsey; Woodford, Galí (menciones)",2003,—,—,IS dinámica: x_t=x_{t+1}−σ(r_t−r_n),¿por qué el ANUNCIO de tasas mueve el presente?,previsión perfecta; sin restricción de liquidez; ancla terminal,x0=−σΣ(tasas futuras) exacto; forward guidance (2K⇒2x0); x0<0 con r0=r_n; final limpio,simuladores/macro/modelos,nivel_08/m54_is_dinamica.py,implementado+validado (4 verificaciones),conocimiento general
—,"NKPC desde Calvo: Galí, Woodford; híbrida: Galí-Gertler 1999 (menciones)",1999,—,—,NKPC: π_t=βπ_{t+1}+κx_t,¿la inflación como profecía de brechas futuras?,racionales; κ de Calvo; ancla terminal,recursión=suma cerrada; permanente⇒κx/(1−β); descuento β^j exacto; SIN inercia intrínseca,simuladores/macro/modelos,nivel_08/m55_nkpc.py,implementado+validado (4 verificaciones),conocimiento general
—,Clarida-Galí-Gertler 1999; Woodford 2003; Galí 2008 (menciones),1999,—,—,modelo de 3 ecuaciones (IS+NKPC+Taylor) con shock AR(1),¿cómo responde una economía racional CON regla?,racionales; principio de Taylor para unicidad; sin ZLB,"solución (a,b) por coef. indeterminados VERIFICADA ecuación×período (<1e-9); φπ>1⇒b<0; IRFs decaen a ρ; halcón: menos π más recesión; φπ<ρ⇒b>0 (Burns)",simuladores/macro/modelos,nivel_08/m56_tres_ecuaciones.py,"implementado+validado (5 verificaciones; ANCLA MAYOR, plantilla profunda)",conocimiento general; método: coeficientes indeterminados (estándar)
—,Kydland-Prescott 1982; Long-Plosser 1983 (menciones),1982,—,—,RBC log-lineal: y=(1+α_nη)a; jerarquía σ_i>σ_y>σ_c,¿el ciclo como respuesta EFICIENTE a la tecnología?,impulso solo tecnológico; trabajo elástico; sin dinero,amplificación exacta; jerarquía con razones exactas; identidad y=sc·c+si·i; autocorr(y)=autocorr(a) EXACTA (sin propagación),simuladores/macro/modelos,nivel_08/m57_rbc.py + _rbc.py,implementado+validado (4 verificaciones),esqueleto didáctico: decisión de diseño sobre conocimiento general
—,IRF como práctica: Sims 1980 (mención),1980,—,—,IRF del shock tecnológico en RBC,¿la huella digital del modelo ante su shock?,impulso aislado determinista; linealidad,decaimiento exacto a ρ; jerarquía de impactos i>y>c; n=ηa exacto; semivida=ln2/−lnρ,simuladores/macro/modelos,nivel_08/m58_shock_tecnologico.py,implementado+validado (4 verificaciones),conocimiento general
—,contraste de paradigmas; evidencia VAR: CEE 1999 (mención),1999,—,—,shock monetario: RBC (y=0) vs NK (y=θ^{t+1}dM),EL test entre las dos escuelas modernas,mundos idénticos salvo θ; shock sorpresivo,RBC neutral exacto ∀t; NK impacto θdM y razón θ exactos; destino común (m35); área=θ/(1−θ)dM exacta,simuladores/macro/modelos,nivel_08/m59_shock_monetario.py,implementado+validado (4 verificaciones),conocimiento general
—,"comparador sobre m04/m10/m49/m56; Ramey, Ilzetzki et al. (menciones)",2011,—,—,multiplicador fiscal POR RÉGIMEN (5 fórmulas),¿cuánto vale un sol de gasto? depende del régimen,parámetros compartidos; multiplicadores de impacto,cada barra=fórmula fuente exacta; escalera simple>fijo>NK≈ISLM>flex=0; NK<1 con Taylor activo; flex=0 exacto,simuladores/macro/modelos,nivel_08/m60_shock_fiscal.py,implementado+validado (4 verificaciones),meta-modelo del propio laboratorio: decisión de diseño
—,Cogley-Nason 1995; Smets-Wouters 2007 (menciones),1995,—,—,propagación: capital de Solow dentro del ciclo,¿de quién es la persistencia: del shock o del modelo?,impulso corto a propósito; acumulación log-lineal; estabilidad (1−δ)+sα<1,α=0⇒y≡a exacto; semivida(y)>semivida(a); joroba de k (pico tras impacto); retorno global a cero,simuladores/macro/modelos,nivel_08/m61_shocks_productividad.py,implementado+validado (4 verificaciones),mecánica Solow-RBC: decisión de diseño sobre m26/m57
—,"contabilidad fiscal estándar (manuales, conocimiento general)",1990,—,—,restricción presupuestaria G+rB=T+ΔB+SM,¿de dónde sale cada sol del gobierno?,un período; tasa única; sin default,usos=fuentes exacta; total=primario+intereses; herencia escala con B; señoreaje sustituye deuda 1:1,simuladores/macro/modelos,nivel_09/m62_restriccion_presupuestaria.py,implementado+validado (4 verificaciones),conocimiento general; calibración didáctica
—,aritmética de deuda estándar (conocimiento general),1985,—,—,deuda pública: B'=(1+r)B−SP (bola de nieve),¿por qué las deudas crecen solas?,sin PIB; r exógena; SP constante,recursión exacta; SP*=r·B0 congela exacto; SP=0⇒(1+r)^t exacto; duplicación ln2/ln(1+r),simuladores/macro/modelos,nivel_09/m63_deuda_publica.py,implementado+validado (4 verificaciones),conocimiento general
—,DSA del FMI (mención); Blanchard 2019 r<g (mención),2019,—,—,dinámica deuda/PIB: Δb≈b(r−g)−sp,¿cuándo conviven país y déficit?,"r,g exógenos; sp constante; moneda propia",recursión exacta; sp*=b(r−g)/(1+g) congela exacto; g>r licúa sola (monótono); esfuerzo lineal en b,simuladores/macro/modelos,nivel_09/m64_dinamica_deuda_pib.py,implementado+validado (4 verificaciones; ANCLA con plantilla profunda),conocimiento general; calibración didáctica
—,DSA del FMI; no-Ponzi; Blanchard 2019 (menciones),2013,—,—,sostenibilidad: sp* vs techo; b_max=sp_max(1+g)/(r−g),¿cuánta deuda cabe — y bajo estrés?,"sp_max exógeno; r,g sin retro de b","b_max=cruce exacto; base sostenible; el estrés (r+2,g−1) voltea el veredicto; sp* lineal en b",simuladores/macro/modelos,nivel_09/m65_sostenibilidad.py,implementado+validado (4 verificaciones),conocimiento general; estrés paramétrico: decisión de diseño
—,balances estructurales OCDE/FMI; regla chilena y peruana (menciones),2001,—,—,déficit estructural vs cíclico: obs=est−ε·brecha,¿el déficit del titular es decisión o ciclo?,ε lineal estable; brecha observable (niebla de m16),descomposición exacta; brecha 0⇒obs=est; el boom esconde (obs<est); estabilizadores lineales,simuladores/macro/modelos,nivel_09/m66_deficit_fiscal.py,implementado+validado (4 verificaciones),conocimiento general; calibración didáctica
—,Barro 1974; Ricardo; Blanchard OLG 1985 (menciones),1974,—,—,equivalencia ricardiana con ruptura λ (mano a boca),¿la deuda pública es riqueza?,ricardianos ven el VP; impuestos de suma fija,λ=0: ΔC=0 y compensación total EXACTA; VP=dT a cualquier r; ruptura lineal en λ; ΔS_nac=−ΔC,simuladores/macro/modelos,nivel_09/m67_equivalencia_ricardiana.py,implementado+validado (4 verificaciones),conocimiento general
—,Gavin-Perotti 1997; Talvi-Végh; Frankel et al. (menciones),1997,—,—,política contracíclica: f=φ(−brecha) con asimetría (ratchet),¿suavizar el ciclo sin arruinarse?,ciclo determinista; mult constante; espacio fiscal dado,atenuación |1−mult·φ| EXACTA; simétrica⇒deuda de ciclo 0 exacta; ratchet⇒escalera exacta; procíclica amplifica,simuladores/macro/modelos,nivel_09/m68_politica_contraciclica.py,implementado+validado (4 verificaciones),mecánica didáctica (decisión de diseño); evidencia de prociclicidad: menciones
—,Alesina-Ardagna vs Blanchard-Leigh 2013 (menciones),2013,—,—,austeridad: b1=(b0−dA)/(1−mult·dA/100); mult*=100/b0,¿puede el ajuste SUBIR la deuda/PIB?,efecto de una vez; mult exógeno; sin canal confianza,"mult*=100/b0 exacto e independiente de dA; paradoja verificada (b0 alto, mult alto); el CUÁNDO decide; deuda baja inmune",simuladores/macro/modelos,nivel_09/m69_austeridad.py,implementado+validado (4 verificaciones),álgebra de m64 (decisión de diseño); debate: menciones
—,Ramey 2019; Blanchard-Leigh 2013; Ilzetzki et al. 2013; Auerbach-Gorodnichenko 2012 (menciones),2019,—,—,multiplicadores condicionales al estado (predictor por factores),"¿cuánto vale un sol de gasto, de verdad?",factores multiplicativos independientes; NO estimación,"el ZLB apaga al BC (interacción exacta); apertura come; Perú<1<ZLB; rango acotado [0.2,2.0]",simuladores/macro/modelos,nivel_09/m70_multiplicadores.py,implementado+validado (4 verificaciones),factores didácticos DECLARADOS calibrados a rangos de literatura (menciones); no son estimaciones
—,Adrian-Shin (leverage procíclico); Minsky; Shleifer-Vishny (menciones),2010,—,—,crisis financiera: balance apalancado,¿por qué una caída pequeña borra todo el capital?,deuda de valor fijo; shock exógeno; un intermediario,"ΔE/E=−shock·λ exacto; insolvencia sii shock≥1/λ; desapalancar exige vender (contractivo); sin shock, sin ventas",simuladores/macro/modelos,nivel_10/m71_crisis_financiera.py,implementado+validado (4 verificaciones),conocimiento general; calibración didáctica
—,Gordon; Blanchard-Watson 1982; Shiller; Tirole (menciones),1982,—,—,burbuja de activos racional,¿puede el precio despegarse del fundamental sin irracionalidad?,Gordon con r>g_d; burbuja racional; estallido exógeno,fundamental d/(r−g_d) exacto; burbuja crece (1+r)/(1−q)>r; arbitraje (1−q)g−1=r; vuelve al fundamental al estallar,simuladores/macro/modelos,nivel_10/m72_burbuja_activos.py,implementado+validado (4 verificaciones),conocimiento general; calibración didáctica
—,Diamond-Dybvig 1983 (Nobel 2022) (mención),1983,—,—,corrida bancaria: dos equilibrios,¿por qué un banco solvente quiebra por miedo?,banco solvente; servicio secuencial; sin backstop,DOS equilibrios sobre los mismos fundamentos; activos ilíquidos empeoran el pánico; reservas amortiguan; el seguro elimina el pánico SIN costo,simuladores/macro/modelos,nivel_10/m73_crisis_bancaria.py,implementado+validado (4 verificaciones),conocimiento general (es m37 en reversa); calibración didáctica
—,Krugman 1979; Flood-Garber; Obstfeld 1994 (menciones),1979,—,—,crisis cambiaria: 1ª/2ª/3ª generación,¿por qué las paridades caen de golpe con reservas aún en el banco?,fuga por fundamentos; defensa hasta agotar; ataque racional que anticipa,el ataque anticipa al agotamiento (T−h); quedan reservas al atacar (es expectativa); más reservas retrasan no evitan; más fuga adelanta,simuladores/macro/modelos,nivel_10/m74_crisis_cambiaria.py,implementado+validado (4 verificaciones),conocimiento general (el trilema m50 con expectativas); calibración didáctica
—,"Calvo 1998 (EN BIBLIOTECA, sin verificar); Calvo-Izquierdo-Mejía (menciones)",1998,—,—,sudden stop: freno de capitales,¿qué pasa cuando el mundo deja de prestar de golpe?,flotación (CC=−CF); transables comprometidos con deuda; corte exógeno,ΔCC=−ΔCF exacto (el ajuste no se elige); el gasto colapsa exactamente ΔCF; el golpe se concentra en no transables; la reversión duplica al freno,simuladores/macro/modelos,nivel_10/m75_sudden_stop.py,implementado+validado (4 verificaciones),"Calvo 1998 y Globalización financiera 2002 en biblioteca, pendiente verificación; calibración didáctica"
—,Calvo 1988; Cole-Kehoe (zona de crisis); Draghi (menciones),1988,—,—,crisis de deuda soberana: zona de crisis,"¿por qué dos países idénticos, uno paga poco y otro cae en default?",dos tasas según la creencia; κ exógena; salto por zonas,"zona de crisis b∈[b_pánico,b_seguro] con DOS equilibrios; umbrales ordenados; deuda baja=solo bueno (inmune); deuda altísima=insolvencia genuina",simuladores/macro/modelos,nivel_10/m76_crisis_deuda.py,implementado+validado (4 verificaciones),conocimiento general (m73 aplicado al Tesoro); calibración didáctica
—,enfoque monetario de la BdP (Polak/FMI); relacionado con Krugman 1979 (menciones),1977,—,—,crisis de balanza de pagos,¿por qué un fijo sobrevaluado siempre termina en devaluación?,paridad fija defendida con reservas; CC crónica exógena; devalúa al piso,identidad de reservas exacta (m43 en el tiempo); las reservas tocan el piso (fecha calculable); corregir el RER (m46) posterga/evita; financiamiento retrasa no cura,simuladores/macro/modelos,nivel_10/m77_crisis_balanza_pagos.py,implementado+validado (4 verificaciones),conocimiento general (integra m43+m46+m75); calibración didáctica
—,síntesis de m64+m69+m76; Reinhart-Rogoff (menciones),2010,—,—,trampa de deuda: lazos endógenos,¿por qué hay deudas de las que no se sale ajustando?,"lazos lineales (prima∝b, daño a g∝sp); sin default parcial; g exógeno salvo daño",r>g con sp insuficiente ⇒ diverge; los lazos amplifican la divergencia; crecer (g>r) salva; reestructurar resetea la aritmética,simuladores/macro/modelos,nivel_10/m78_trampa_deuda.py,implementado+validado (4 verificaciones),"decisión de diseño sobre m64/m69/m76; taxonomía crecer/licuar/reestructurar (Reinhart-Rogoff, mención)"
—,"Bernanke-Gertler-Gilchrist; Kiyotaki-Moore 1997 (EN BIBLIOTECA, sin verificar) (menciones)",1997,—,—,acelerador financiero: la espiral,¿por qué un shock pequeño hunde la economía real?,impacto de precio lineal; λ constante en la espiral; sin backstop,suma de rondas=shock/(1−κ) (geométrica); κ=λ²·impacto amplifica; κ≥1 espiral sin fondo (colapso); λ bajo la apaga (Basilea),simuladores/macro/modelos,nivel_10/m79_recesion_financiera.py,implementado+validado (4 verificaciones),"Kiyotaki-Moore Credit Cycles 1997 en biblioteca, pendiente verificación; es m04 con signo invertido; calibración didáctica"
—,Gai-Kapadia 2010; Acemoglu-Ozdaglar-Tahbaz-Salehi 2015; Allen-Gale (menciones),2010,—,—,crisis sistémica: contagio en red,¿por qué la quiebra de uno tumba al sistema?,red circular simple; contagio solo por exposición directa; capital homogéneo,contagio sii exposición>capital; más capital frena la cascada (Basilea III); resolución ordenada aísla; poca conexión contiene (robust-yet-fragile),simuladores/macro/modelos,nivel_10/m80_crisis_sistemica.py,implementado+validado (4 verificaciones; CIERRE TEÓRICO TRONCAL),conocimiento general; la estabilidad como bien público; calibración didáctica
—,Guerrieri-Lorenzoni-Straub-Werning (Keynesian supply shocks); debate Summers-Blanchard (menciones),2020,—,—,COVID: doble shock oferta+demanda,¿por qué 2020 desinfló y 2021 infló?,shocks exógenos (confinamiento); motor AD-AS m52,el doble shock hunde Y; demanda dominante⇒desinflación (2020); oferta+estímulo⇒inflación (2021); recuperación en V,simuladores/macro/modelos,nivel_11/m81_covid.py + _episodio.py,implementado+validado (4 verificaciones),conocimiento general; calibración didáctica
—,OPEP 1973/1979; Hamilton (menciones),1973,—,—,shock petrolero: estanflación,¿por qué el petróleo sube π y baja Y a la vez?,importador neto; motor m52; respuesta como demanda,estanflación (π↑ Y↓); acomodar (Burns) eleva Y media pagando π; resistir (Volcker) contiene π con más recesión; persistente>transitorio,simuladores/macro/modelos,nivel_11/m82_shock_petrolero.py,implementado+validado (4 verificaciones),conocimiento general; calibración didáctica
—,mecánica de m19 con IPC ponderado; Primavera Árabe (menciones),2011,—,—,shock de alimentos,¿por qué golpea más a un país pobre?,peso de alimentos en IPC (40% vs 10%),peso amplifica; contribución=shock×peso exacta; regresivo; transitorio revierte con ancla,simuladores/macro/modelos,nivel_11/m83_shock_alimentos.py,implementado+validado (4 verificaciones),conocimiento general; Perú=m113; calibración didáctica
—,Krugman-Taylor; Krugman 1999 (balance sheet); Calvo-Reinhart 2002 (fear of floating) (menciones),1999,—,—,devaluación expansiva o contractiva,¿devaluar estimula o hunde?,dos canales opuestos lineales; sin cobertura natural,baja dolarización⇒expansiva (m49); alta⇒contractiva (m71/m74); neto cero en dolar*=γ/β; cualquier dolarización reduce el beneficio (fear of floating),simuladores/macro/modelos,nivel_11/m84_devaluacion.py,implementado+validado (4 verificaciones),conocimiento general; calibración didáctica
—,Taylor 2000 (passthrough y baja inflación) (mención),2000,—,—,inflación importada y passthrough,¿por qué el sol se deprecia sin desatar inflación?,passthrough lineal; endógeno a credibilidad,Δπ=passthrough×dev×peso exacto; credibilidad baja el passthrough; sin ancla >4× más; passthrough bajo rompe la espiral m14,simuladores/macro/modelos,nivel_11/m85_inflacion_importada.py,implementado+validado (4 verificaciones),conocimiento general; Perú=m113; calibración didáctica
—,"UIP (m48), trilema (m50); Rey 2013 (dilema no trilema); taper tantrum 2013 (menciones)",2013,—,—,alza de la FED: dilema del emergente,¿subir la tasa (recesión) o flotar (inflación)?,defensa como continuo; sin salida desordenada; passthrough m85,no hay salida gratis (recesión O inflación); defender recesa/flotar deprecia (m50); el ancla abarata flotar; reservas dan margen,simuladores/macro/modelos,nivel_11/m86_fed.py,implementado+validado (4 verificaciones),conocimiento general; Perú=m111; calibración didáctica
—,"Calvo-Leiderman-Reinhart 1993 (push/pull); Calvo (sudden stop, m75, en biblioteca) (menciones)",1993,—,—,salida de capitales de un emergente,¿por qué huye el capital con fundamentos sanos?,CF=pull+push lineal; reservas amortiguan uno a uno,"el push domina (huye con fundamentos sanos, m75); reservas amortiguan (m50); risk-on el capital entra; fundamentos no bastan contra contagio",simuladores/macro/modelos,nivel_11/m87_salida_capitales.py,implementado+validado (4 verificaciones),conocimiento general; Perú=m111; calibración didáctica
—,Corden-Neary 1982 (enfermedad holandesa); fondos Chile/Noruega (menciones),1982,—,—,boom de materias primas,¿por qué un boom del cobre puede terminar en crisis?,componente parcialmente transitorio; sin reinversión,shock de ingreso positivo; enfermedad holandesa daña transables (m46); ahorrar el transitorio protege (m68); gastar todo maximiza exposición,simuladores/macro/modelos,nivel_11/m88_boom_materias_primas.py,implementado+validado (4 verificaciones),conocimiento general; calibración didáctica; Perú=m103/m105
—,transmisión de términos de intercambio (m105); m43/m62/m10 (menciones),2014,—,—,caída del precio del cobre (preludio peruano),¿por qué golpea al Perú por tres frentes?,tres canales aditivos lineales; fondo amortigua fiscal,golpea por TRES canales (externo m43 + fiscal m62 + real m10); el fondo amortigua el fiscal (m88); sin fondo prociclicidad; más concentración más golpe,simuladores/macro/modelos,nivel_11/m89_caida_cobre.py,implementado+validado (4 verificaciones),calibración EVOCA estructura peruana (NO datos oficiales; esos en m103); conocimiento general
—,"shock tecnológico RBC (m57-m58); LRAS (m22, m29); diagnóstico m18/m19 (menciones)",1982,—,—,shock de productividad,¿por qué la respuesta es opuesta a la de demanda?,productividad persistente (mueve Y*); demanda transitoria,el shock de productividad mueve el potencial (m22); la demanda revierte; ante caída de productividad NO estimular (opuesto); permanente>transitorio (m29),simuladores/macro/modelos,nivel_11/m90_shock_productividad.py,implementado+validado (4 verificaciones),conocimiento general; calibración didáctica
—,multiplicador por régimen (m60); aritmética deuda (m63-m64); inversión pública (m106) (menciones),2009,—,—,aumento masivo del gasto público,¿cuándo vale la pena un estímulo?,multiplicador dado; servicio capitalizado a 10 años; r−g exógeno,ZLB amplifica el multiplicador (m60); productivo rinde más (m106); r<g abarata (m64); sin condiciones es contraproducente (m65),simuladores/macro/modelos,nivel_11/m91_gasto_publico.py,implementado+validado (4 verificaciones),conocimiento general; horizonte de capitalización didáctico
—,diagnóstico oferta/demanda (m18/m19/m24); inercia (m14) (menciones),1975,—,—,recesión con inflación: diagnóstico diferencial,¿oferta o demanda con inercia?,dos componentes separables; motor m52,recesión con inflación (el síntoma); oferta pura⇒estanflación m24; demanda con inercia⇒desinfla tarde m14; más inercia alarga,simuladores/macro/modelos,nivel_11/m92_recesion_inflacion.py,implementado+validado (4 verificaciones),conocimiento general; calibración didáctica
—,OPEP/Burns/Volcker; Friedman-Phelps (m14); metas (m40) (menciones),1973,—,—,estanflación: episodio de los 70,¿por qué los shocks de los 70 desataron espiral y los de hoy no?,"anclaje θ resume el régimen; dos shocks (73,79)","sin ancla θ bajo: espiral (m14); con ancla θ alto: mirar pasar (m40); acomodar convalida (Burns, m41); el 2º shock se compone sobre el 1º",simuladores/macro/modelos,nivel_11/m93_estanflacion.py,implementado+validado (4 verificaciones),conocimiento general; Perú=m99/m113; calibración didáctica
—,"Fisher 1933 (deuda-deflación); Krugman 1998 (Japón, paradoja credibilidad) (menciones)",1933,—,—,deflación y espiral de Fisher,¿por qué la deflación es peor y el banco creíble no la combate?,tasa nominal en ZLB; expectativas adaptativas,espiral deflacionaria (Fisher); la tasa real sube con ZLB (m12); forward guidance rompe la espiral (m54); paradoja de la credibilidad (Krugman),simuladores/macro/modelos,nivel_11/m94_deflacion.py,implementado+validado (4 verificaciones),conocimiento general; justifica meta positiva (m40); calibración didáctica
—,Keynes/Krugman 1998 (trampa); ZLB post-2008 Woodford-Eggertsson-Bernanke (menciones),2008,—,—,"trampa de liquidez: episodio (Japón, 2008-2015)",¿qué le queda al banco central en el ZLB?,tasa en el ZLB; eficacia de no convencionales dada,bajar la tasa inútil en el ZLB (m12); el fiscal es lo más potente (m91); QE y guidance SÍ funcionan (m54); la combinación recupera (no es impotencia),simuladores/macro/modelos,nivel_11/m95_trampa_liquidez.py,implementado+validado (4 verificaciones),"conocimiento general; Perú indirecto (push global, m111); calibración didáctica"
—,"crisis del euro (Grecia 2010-2015, Draghi 2012); Argentina (menciones); m64/m76/m78/m69",2012,—,—,"crisis de deuda soberana: episodio (Grecia, Argentina)",¿cómo se llega y cómo se sale de una crisis soberana?,prima discreta al cruzar el umbral; backstop reduce prima,"la deuda entra en la zona: la prima salta (m76); la austeridad sola no basta (Grecia, m78); el backstop coordina al bueno (Draghi); reestructurar resetea (Argentina)",simuladores/macro/modelos,nivel_11/m96_crisis_deuda_soberana.py,implementado+validado (4 verificaciones; cierre del nivel),conocimiento general; contraejemplo de la disciplina peruana (m108); calibración didáctica
"BCRP serie PN01728AM (PBI real, var% anual)",Banco Central de Reserva del Perú (BCRP),2024,muestra 2004-2024,—,"hechos estilizados del crecimiento (media, volatilidad, ciclo)",¿cómo ha crecido el Perú y con qué volatilidad?,PBI real oficial; potencial supuesto 4%,media 4.5%; boom +9.2% (2008) y COVID −10.9% (2020); superciclo > post-boom,simuladores/macro/modelos,nivel_12/m97_crecimiento_peru.py,implementado+validado (4 verificaciones),"dato BCRP PN01728AM, muestra 2004-2024, descargada por connectors/bcrp 2026-08-19; snapshot anual embebido; contrastado (no calibrado a mano)"
"BCRP serie PN01770AM (PBI real, índice)",Banco Central de Reserva del Perú (BCRP),2024,muestra 2004-2024,—,brecha del producto (tendencia vs observado),¿cuánto se aparta el PBI de su potencial?,potencial = tendencia log-lineal; brecha = desvío,"brecha (+) en el superciclo, (−) en 2009 y 2020; cierre gradual",simuladores/macro/modelos,nivel_12/m98_pib_potencial.py,implementado+validado (4 verificaciones),"dato BCRP PN01770AM, muestra 2004-2024, descargada por connectors/bcrp 2026-08-19; snapshot anual embebido; contrastado (no calibrado a mano)"
"BCRP serie PN01273PM (IPC, var% 12 meses)",Banco Central de Reserva del Perú (BCRP),2024,muestra 2004-2024,—,anclaje de la inflación al rango meta,¿la inflación peruana está anclada a la meta del BCRP?,meta 2% ± 1 pp; IPC oficial,"inflación media ~2.8%, casi siempre dentro de 1-3%; anclaje creíble",simuladores/macro/modelos,nivel_12/m99_inflacion_peru.py,implementado+validado (4 verificaciones),"dato BCRP PN01273PM, muestra 2004-2024, descargada por connectors/bcrp 2026-08-19; snapshot anual embebido; contrastado (no calibrado a mano)"
BCRP series PD04722MM (tasa ref) y PN01273PM (IPC),Banco Central de Reserva del Perú (BCRP),2024,muestra 2004-2024,—,regla de Taylor estimada por MCO (honestidad econométrica),¿el BCRP sigue una regla de Taylor?,tasa nominal responde a inflación; MCO simple,"coeficiente inflación 0.55<1 → sesgo de variable omitida (omite brecha m98, usa inflación pasada m40); NO se esconde",simuladores/macro/modelos,nivel_12/m100_taylor_bcrp.py,implementado+validado (4 verificaciones),"dato BCRP PD04722MM+PN01273PM, muestra 2004-2024, descargada por connectors/bcrp 2026-08-19; snapshot anual embebido; estimación honesta (no causalidad automática)"
BCRP series PD04722MM (tasa ref) y PN01273PM (IPC),Banco Central de Reserva del Perú (BCRP),2024,muestra 2004-2024,—,correlación tasa-inflación e interpretación causal,¿subir la tasa sube la inflación (correlación +)?,correlación contemporánea; sin rezagos ni control,"la correlación (+) es causalidad INVERSA (el BCRP sube la tasa cuando la inflación sube), no efecto de política; requiere rezagos/identificación",simuladores/macro/modelos,nivel_12/m101_tasa_inflacion.py,implementado+validado (4 verificaciones),"dato BCRP PD04722MM+PN01273PM, muestra 2004-2024, descargada por connectors/bcrp 2026-08-19; snapshot anual embebido; correlación ≠ causalidad (regla pipeline)"
BCRP serie PN01207PM (tipo de cambio PEN/USD),Banco Central de Reserva del Perú (BCRP),2024,muestra 2004-2024,—,régimen cambiario (flotación administrada),¿qué régimen cambiario tiene el Perú?,tipo de cambio nominal; volatilidad como huella del régimen,volatilidad << flotación libre; sin quiebres de banda → flotación administrada (intervención del BCRP),simuladores/macro/modelos,nivel_12/m102_tipo_cambio.py,implementado+validado (4 verificaciones),"dato BCRP PN01207PM, muestra 2004-2024, descargada por connectors/bcrp 2026-08-19; snapshot anual embebido; contrastado (no calibrado a mano)"
BCRP series PN01652XM (cobre LME) y PN01728AM (PBI var%),Banco Central de Reserva del Perú (BCRP),2024,muestra 2004-2024,—,canal de términos de intercambio (correlación cobre-crecimiento),"¿cuánto del crecimiento peruano explica el cobre, y es el nivel o el cambio?","precio del cobre exógeno (tomador de precio, m43); correlación descriptiva","corr(Δcobre,g)=+0.45 > corr(nivel,g)=+0.23 (importa el CAMBIO, m89); R²~0.20 (real, no destino: diversificar m112)",simuladores/macro/modelos,nivel_12/m103_cobre_crecimiento.py,implementado+validado (4 verificaciones),"dato BCRP PN01652XM+PN01728AM, muestra 2004-2024, descargada por connectors/bcrp 2026-08-19; snapshot anual embebido; correlación descriptiva (no causalidad automática, regla pipeline)"
BCRP series PN01652XM (cobre LME) y PN01207PM (tipo de cambio),Banco Central de Reserva del Perú (BCRP),2024,muestra 2004-2024,—,canal del cobre sobre el tipo de cambio (niveles vs cambios; enfoque de activos),¿por qué en 2021 el cobre estuvo en récord y el sol se debilitó?,tipo de cambio nominal; correlación descriptiva; 2020-21 = años de fuga de capitales,"niveles engañan (corr +0.12); en cambios sin 2020-21 el canal comercial aparece (−0.45); 2021 (cobre récord + sol débil) = el TC es precio de activo, la cuenta de capitales (m111, riesgo político m74) domina",simuladores/macro/modelos,nivel_12/m104_cobre_tipo_cambio.py,implementado+validado (4 verificaciones),"dato BCRP PN01652XM+PN01207PM, muestra 2004-2024, descargada por connectors/bcrp 2026-08-19; snapshot anual embebido; niveles vs cambios (m101); correlación descriptiva (regla pipeline)"
"BCRP series PN38923BM (términos de intercambio), PM04901AA (PBI) y PM04904AA (efecto TdI)",Banco Central de Reserva del Perú (BCRP),2024,muestra 2004-2024,—,"términos de intercambio: PBI-volumen vs ingreso real (ganancias del intercambio, SNA)",¿por qué la TdI récord de 2024 no disparó el PBI?,ingreso ≈ PBI + efecto TdI; correlación/contabilidad descriptiva,"el cobre mueve la TdI (corr 0.85); la TdI casi no mueve el PBI-volumen (corr ~0) porque el PBI mide volumen; mueve el INGRESO (superciclo 8.1% vs 6.6%; 2024 ingreso 7.5% vs PBI 3.5%, efecto +56 mil M S/)",simuladores/macro/modelos,nivel_12/m105_terminos_intercambio.py,implementado+validado (4 verificaciones),"dato BCRP PN38923BM+PM04901AA+PM04904AA, muestra 2004-2024, descargada por connectors/bcrp 2026-08-19; snapshot anual embebido; distinción volumen-vs-ingreso = contabilidad nacional SNA (el BCRP publica la descomposición); descriptivo (regla pipeline)"
"BCRP series PM10081FA (inversión pública, % PBI) y PN01728AM (PBI var%)",Banco Central de Reserva del Perú (BCRP),2024,muestra 2004-2024,—,inversión pública y crecimiento: endogeneidad de la política contracíclica,el Perú duplicó su inversión pública pero no correlaciona con el crecimiento: ¿no sirve?,correlación descriptiva; canales demanda (m37) y oferta (m26),"inv pública subió 2.9%→5.2% del PBI (×2); corr con crecimiento ~0/negativa (−0.07) por contraciclicidad (m69); 2009 estímulo (inv 4.5%→5.7%, PBI 9.2%→1.1%); endogeneidad, no efecto (m70)",simuladores/macro/modelos,nivel_12/m106_inversion_publica.py,implementado+validado (4 verificaciones),"dato BCRP PM10081FA+PN01728AM, muestra 2004-2024, descargada por connectors/bcrp 2026-08-19; snapshot anual embebido; endogeneidad de política contracíclica (m69/m70); descriptivo (regla pipeline)"
BCRP series PM04933AA (exportaciones reales) y PN01728AM (PBI var%),Banco Central de Reserva del Perú (BCRP),2024,muestra 2004-2024,—,exportaciones → crecimiento (motor externo); cuándo la correlación informa,"¿cuánto del crecimiento peruano es exportador, y por qué su correlación informa y la de m106 no?","exportaciones largamente exógenas al ciclo interno (demanda mundial, m88); correlación descriptiva","corr(export, crecimiento)=+0.74, R²=0.55, pendiente 0.53 (m43); años de export cayendo → crecimiento +1.2% vs +5.5%; informa porque es EXÓGENA (contraste con m106 endógena)",simuladores/macro/modelos,nivel_12/m109_exportaciones_crecimiento.py,implementado+validado (4 verificaciones),"dato BCRP PM04933AA+PN01728AM, muestra 2004-2024, descargada por connectors/bcrp 2026-08-19; snapshot anual embebido; exógeno-vs-endógeno (m70): la correlación revela causa cuando el impulsor no reacciona al ciclo; descriptivo (regla pipeline)"
BCRP series PN02207FM (gasto no financiero GG) y PM04946AA (PBI nominal),Banco Central de Reserva del Perú (BCRP),2024,muestra 2006-2024,—,multiplicador fiscal: por qué no se mide con una regresión cruda,¿cuánto PBI genera un sol de gasto público en el Perú?,"multiplicador naive sesgado por endogeneidad (m106); rango identificado citado de la literatura (m70), no estimado","gasto 17%→24% del PBI (2020 COVID); naive~0.1 (sesgado, contracíclico m106); identificado ~0.5-1 (m70, economía abierta filtra m43); CONDICIONAL (ZLB/recesión>auge, m91)",simuladores/macro/modelos,nivel_12/m107_gasto_multiplicador.py,implementado+validado (4 verificaciones),"dato BCRP PN02207FM+PM04946AA, muestra 2006-2024, descargada por connectors/bcrp 2026-08-19 (deflactado con PBI nom/real); snapshot embebido; naive del dato, rango 0.5-1 de literatura (m70, conocimiento general, NO estimado aquí)"
BCRP series PN03371FQ (deuda pública SPNF) y PM04946AA (PBI nominal),Banco Central de Reserva del Perú (BCRP),2023,muestra 2004-2023,—,sostenibilidad de la deuda: aritmética de la deuda (m64) aplicada al Perú,¿es sostenible la deuda peruana y qué hizo bien que Grecia/Argentina (m96) no?,b = deuda/PBI nominal; Δb≈b(r−g)−sp (m64); descomposición cualitativa,"deuda 44.7%(2004)→19.2%(2013, disciplina: g≫r + superávits, m66/m69)→34%(2020 COVID, m64 crisis)→32%(2023); moderada/sostenible = espacio que la disciplina compró; contraejemplo virtuoso de m96",simuladores/macro/modelos,nivel_12/m108_deuda_sostenibilidad.py,implementado+validado (4 verificaciones),"dato BCRP PN03371FQ (deuda, fin de año T4)+PM04946AA (PBI nominal), muestra 2004-2023, descargada por connectors/bcrp 2026-08-19; ratio calculado deuda/PBI nominal; aritmética de la deuda (m64); descriptivo (regla pipeline)"
"BCRP series PN01652XM (cobre), PN38923BM (términos de intercambio), PM04933AA (exportaciones), PN01728AM (PBI)",Banco Central de Reserva del Perú (BCRP),2024,muestra 2004-2024,—,shock externo: síntesis del canal comercial (m86-m89) en un índice,¿cuánto del ciclo peruano viene de afuera y todo lo malo es del mundo?,"índice = promedio de variaciones estandarizadas (síntesis del laboratorio, no oficial); correlación descriptiva","índice externo (cobre+TdI+exportaciones) corr +0.58 con crecimiento, R²~0.34 (el mundo marca gran parte, m86-m89); 2009 shock externo puro; pero 2/3 del ciclo es doméstico — 2020 precio externo↑ pero volumen↓ (minas cerradas): shock doméstico",simuladores/macro/modelos,nivel_12/m110_shock_externo.py,implementado+validado (4 verificaciones),"dato BCRP PN01652XM+PN38923BM+PM04933AA+PN01728AM, muestra 2004-2024, descargada por connectors/bcrp 2026-08-19; índice compuesto = síntesis del laboratorio (no indicador oficial); descriptivo (regla pipeline)"
BCRP PD04722MM (tasa BCRP) y PN01207PM (tipo de cambio) + tasa FED (dato público FRED),Banco Central de Reserva del Perú (BCRP); Reserva Federal de EE.UU. (FRED),2024,muestra 2004-2024,—,canal financiero externo: FED → flujos de capital → tasa y tipo de cambio del Perú (trilema m50),¿cuánto de la política monetaria y el sol peruano los decide la FED?,"cuenta de capitales abierta (m50); tasa FED ilustrativa (no descargada, FRED bloqueado)","corr(FED, tasa BCRP)=+0.54 (trilema m50: autonomía limitada); FED≈0 (2009-12)→capital entra→sol se aprecia (3.01→2.64); FED↑ (2022-23)→sol presionado; salvo 2021 (riesgo político local pesó más que la FED, m104)",simuladores/macro/modelos,nivel_12/m111_fed_capitales.py,implementado+validado (4 verificaciones),"tasa BCRP y tipo de cambio = dato BCRP real (descargado 2026-08-19); tasa FED = dato público (Reserva Federal/FRED), DECLARADO ILUSTRATIVO (no descargado, FRED con salida bloqueada); trilema m50; descriptivo (regla pipeline)"
BCRP series PM04972AA (PBI minero var%) y PN01728AM (PBI var%),Banco Central de Reserva del Perú (BCRP); participaciones INEI/BCRP,2024,muestra 2004-2024,—,minería y crecimiento: la paradoja del enclave (valor sin empleo),¿por qué la minería (13% del PBI) no genera empleo masivo y su aporte es disputado?,co-movimiento minería-PBI = dato; participaciones (PBI/export/empleo) declaradas (públicas BCRP/INEI),"PBI minero co-mueve +0.53 con el total y amplifica (más volátil); 2015-16 boom de volumen (nuevas minas); enclave: ~13% PBI, ~60% export, pero ~1.5% empleo directo → beneficio indirecto (canon m106), diversificar (m115)",simuladores/macro/modelos,nivel_12/m112_mineria_empleo.py,implementado+validado (4 verificaciones),"PBI minero PM04972AA + PBI PN01728AM = dato BCRP real (descargado 2026-08-19); participaciones ~13%/~60%/~1.5% = cifras públicas BCRP/INEI DECLARADAS (empleo exige ENAHO-INEI, no conectada); descriptivo (regla pipeline)"
BCRP series PN01207PM (tipo de cambio) y PN01273PM (IPC 12m),Banco Central de Reserva del Perú (BCRP),2024,muestra 2004-2024,—,inflación importada: passthrough del tipo de cambio a los precios,¿por qué una devaluación del sol casi no genera inflación en el Perú?,"passthrough contemporáneo (ilustrativo, no VAR); anclaje inferido del passthrough bajo","passthrough ≈0 (pendiente −0.01): sol −12% (2015) y +11% (2021) con inflación en banda — dividendo de credibilidad (m40, rompe la espiral m14); 2022 inflación 7.9% con sol estable = precios globales (m83), otra inflación importada",simuladores/macro/modelos,nivel_12/m113_inflacion_importada.py,implementado+validado (4 verificaciones),"dato BCRP PN01207PM+PN01273PM, muestra 2004-2024, descargada por connectors/bcrp 2026-08-19; passthrough del dato, anclaje teórico (m40); descriptivo (regla pipeline)"
—,"El Niño (ENFEN/SENAMHI, por inventariar); shock de oferta m11/m52; alimentos m83",2024,—,—,shock climático (El Niño) como shock de oferta transitorio,¿cómo golpea El Niño a la macro peruana y cómo debe responder el BCRP?,"El Niño = shock de oferta transitorio (decisión de diseño, sin serie climática); reversión si el ancla aguanta (m40)","estanflacionario (producción ↓ e inflación de alimentos ↑ a la vez, m11); transitorio (revierte, m40); el BCRP debe MIRAR A TRAVÉS (m113), respuesta fiscal (m106); calibrado a El Niño 2017/2023",simuladores/macro/modelos,nivel_12/m114_shock_climatico.py,implementado+validado (4 verificaciones),DECISIÓN DE DISEÑO: shock de oferta transitorio (m11/m52) con calibración DIDÁCTICA inspirada en El Niño 2017/2023 (no hay conector SENAMHI/ENFEN; no son datos de un índice climático oficial)
—,"Síntesis del laboratorio: integra m97-m114 (m103 cobre, m105 TdI, m107 multiplicador, m113 passthrough, m64/m108 deuda, m50/m111 trilema)",2024,—,—,modelo macroeconómico simplificado del Perú (síntesis del nivel 12),¿cómo se integra la macro peruana en un solo modelo y qué shocks la mueven?,modelo de síntesis estilizado; elasticidades = calibración didáctica de m97-m114 (no estimación estructural conjunta); lineal y estático,"un shock (cobre/FED/fiscal) se propaga por 5 canales: cobre→crecimiento e INGRESO (m103/m105), FED→sol (m111), inflación anclada (m113), fiscal→crecimiento+deuda (m107/m108); diagnóstico: economía abierta con ancla y disciplina (resiliencia), reto = diversificar (m112)",simuladores/macro/modelos,nivel_12/m115_modelo_peru.py,implementado+validado (4 verificaciones; CIERRE del currículo macro),"DECISIÓN DE DISEÑO: modelo de síntesis; elasticidades = calibración didáctica que resume m97-m114 (signos y órdenes de magnitud, no estimación estructural); cierra el currículo macro de 115 modelos"
